userId,title
6,Bad Boys
18,Bad Boys
21,Bad Boys
28,Bad Boys
34,Bad Boys
82,Bad Boys
99,Bad Boys
111,Bad Boys
136,Bad Boys
162,Bad Boys
181,Bad Boys
187,Bad Boys
226,Bad Boys
232,Bad Boys
243,Bad Boys
244,Bad Boys
249,Bad Boys
266,Bad Boys
274,Bad Boys
284,Bad Boys
305,Bad Boys
307,Bad Boys
318,Bad Boys
337,Bad Boys
349,Bad Boys
353,Bad Boys
361,Bad Boys
380,Bad Boys
402,Bad Boys
414,Bad Boys
425,Bad Boys
428,Bad Boys
436,Bad Boys
438,Bad Boys
447,Bad Boys
448,Bad Boys
453,Bad Boys
483,Bad Boys
495,Bad Boys
510,Bad Boys
540,Bad Boys
555,Bad Boys
559,Bad Boys
561,Bad Boys
592,Bad Boys
594,Bad Boys
597,Bad Boys
599,Bad Boys
600,Bad Boys
603,Bad Boys
608,Bad Boys
18,Thor
62,Thor
68,Thor
73,Thor
106,Thor
125,Thor
139,Thor
177,Thor
184,Thor
246,Thor
249,Thor
274,Thor
291,Thor
292,Thor
298,Thor
332,Thor
339,Thor
344,Thor
380,Thor
414,Thor
432,Thor
448,Thor
475,Thor
489,Thor
509,Thor
525,Thor
534,Thor
550,Thor
561,Thor
567,Thor
573,Thor
596,Thor
599,Thor
610,Thor
21,21 Jump Street
30,21 Jump Street
68,21 Jump Street
73,21 Jump Street
89,21 Jump Street
111,21 Jump Street
122,21 Jump Street
125,21 Jump Street
212,21 Jump Street
249,21 Jump Street
280,21 Jump Street
298,21 Jump Street
305,21 Jump Street
318,21 Jump Street
352,21 Jump Street
365,21 Jump Street
448,21 Jump Street
484,21 Jump Street
509,21 Jump Street
525,21 Jump Street
534,21 Jump Street
550,21 Jump Street
560,21 Jump Street
564,21 Jump Street
596,21 Jump Street
599,21 Jump Street
25,Avengers Infinity War - Part:I
62,Avengers Infinity War - Part:I
98,Avengers Infinity War - Part:I
184,Avengers Infinity War - Part:I
233,Avengers Infinity War - Part:I
248,Avengers Infinity War - Part:I
249,Avengers Infinity War - Part:I
305,Avengers Infinity War - Part:I
338,Avengers Infinity War - Part:I
380,Avengers Infinity War - Part:I
567,Avengers Infinity War - Part:I
586,Avengers Infinity War - Part:I
596,Avengers Infinity War - Part:I
62,Green Lantern
68,Green Lantern
73,Green Lantern
177,Green Lantern
249,Green Lantern
292,Green Lantern
380,Green Lantern
414,Green Lantern
448,Green Lantern
567,Green Lantern
68,Bridesmaids
73,Bridesmaids
89,Bridesmaids
111,Bridesmaids
122,Bridesmaids
177,Bridesmaids
249,Bridesmaids
280,Bridesmaids
292,Bridesmaids
298,Bridesmaids
306,Bridesmaids
317,Bridesmaids
448,Bridesmaids
484,Bridesmaids
490,Bridesmaids
491,Bridesmaids
495,Bridesmaids
525,Bridesmaids
563,Bridesmaids
564,Bridesmaids
610,Bridesmaids
73,Bad Teacher
111,Bad Teacher
249,Bad Teacher
298,Bad Teacher
305,Bad Teacher
365,Bad Teacher
448,Bad Teacher
489,Bad Teacher
509,Bad Teacher
89,Rio
103,Rio
122,Rio
233,Rio
388,Rio
448,Rio
561,Rio
586,Rio
103,Alvin and the Chipmunks Chipwrecked
382,Alvin and the Chipmunks Chipwrecked
212,Oldboy
305,Oldboy
249,Battle Los Angeles
292,Battle Los Angeles
332,Battle Los Angeles
448,Battle Los Angeles
249,Carnage
462,Carnage
526,Carnage
599,Carnage
305,Fast Food Nation
318,Fast Food Nation
480,Fast Food Nation
382,Captain America
599,Captain America
448,Cars 2
586,Cars 2 
610,Cars 2
460,Another Earth
563,Beastly
599,Atlas Shrugged Part:1
599,Captain America
